"id","artwork_id","kind","image_url","video_url","alt_ja","alt_en","sort_order","valid"
"6159","1","image","https://storage.googleapis.com/sisiwaka-touen-medias/001/001_01%E6%89%8B%E6%8C%81%E3%81%A1.jpg",NULL,NULL,NULL,"1","1"
"6160","1","image","https://storage.googleapis.com/sisiwaka-touen-medias/001/001_02%E5%8F%B3.jpg",NULL,NULL,NULL,"2","1"
"6161","1","image","https://storage.googleapis.com/sisiwaka-touen-medias/001/001_03%E6%AD%A3%E9%9D%A2.jpg",NULL,NULL,NULL,"3","1"
"6162","1","image","https://storage.googleapis.com/sisiwaka-touen-medias/001/001_04%E5%B7%A6.jpg",NULL,NULL,NULL,"4","1"
"6163","1","image","https://storage.googleapis.com/sisiwaka-touen-medias/001/001_05%E5%8F%96%E3%81%A3%E6%89%8B.jpg",NULL,NULL,NULL,"5","1"
"6164","1","image","https://storage.googleapis.com/sisiwaka-touen-medias/001/001_06%E8%A6%8B%E8%BE%BC%E3%81%BF.jpg",NULL,NULL,NULL,"6","1"
"6165","1","image","https://storage.googleapis.com/sisiwaka-touen-medias/001/001_07%E8%A3%8F.jpg",NULL,NULL,NULL,"7","1"
"6166","1","image","https://storage.googleapis.com/sisiwaka-touen-medias/001/001_08%E5%A4%96%E5%81%B4%E6%8B%A1%E5%A4%A7.jpg",NULL,NULL,NULL,"8","1"
"6167","1","image","https://storage.googleapis.com/sisiwaka-touen-medias/001/001_09%E5%86%85%E5%81%B4%E6%8B%A1%E5%A4%A7.jpg",NULL,NULL,NULL,"9","1"
"6168","1","image","https://storage.googleapis.com/sisiwaka-touen-medias/001/001_10%E9%AB%98%E5%8F%B0%E6%8B%A1%E5%A4%A7.jpg",NULL,NULL,NULL,"10","1"
"6169","1","video","https://storage.googleapis.com/sisiwaka-touen-medias/001/001_%E9%BB%92%E4%BA%80.jpg","https://storage.googleapis.com/sisiwaka-touen-medias/001/001_%E9%BB%92%E4%BA%80.mp4",NULL,NULL,"999","1"
"6170","3","image","https://storage.googleapis.com/sisiwaka-touen-medias/003/003_01%E6%89%8B%E6%8C%81%E3%81%A1.jpg",NULL,NULL,NULL,"1","1"
"6171","3","image","https://storage.googleapis.com/sisiwaka-touen-medias/003/003_02%E5%B7%A6.jpg",NULL,NULL,NULL,"2","1"
"6172","3","image","https://storage.googleapis.com/sisiwaka-touen-medias/003/003_03%E6%AD%A3%E9%9D%A2.jpg",NULL,NULL,NULL,"3","1"
"6173","3","image","https://storage.googleapis.com/sisiwaka-touen-medias/003/003_04%E5%8F%B3.jpg",NULL,NULL,NULL,"4","1"
"6174","3","image","https://storage.googleapis.com/sisiwaka-touen-medias/003/003_05%E5%8F%96%E3%81%A3%E6%89%8B.jpg",NULL,NULL,NULL,"5","1"
"6175","3","image","https://storage.googleapis.com/sisiwaka-touen-medias/003/003_06%E6%8B%A1%E5%A4%A7.jpg",NULL,NULL,NULL,"6","1"
"6176","3","image","https://storage.googleapis.com/sisiwaka-touen-medias/003/003_07%E5%8F%96%E3%81%A3%E6%89%8B%E5%81%B4%E6%8B%A1%E5%A4%A7.jpg",NULL,NULL,NULL,"7","1"
"6177","3","image","https://storage.googleapis.com/sisiwaka-touen-medias/003/003_08%E8%A6%8B%E8%BE%BC%E3%81%BF.jpg",NULL,NULL,NULL,"8","1"
"6178","3","image","https://storage.googleapis.com/sisiwaka-touen-medias/003/003_09%E8%A6%8B%E8%BE%BC%E3%81%BF%E6%8B%A1%E5%A4%A7.jpg",NULL,NULL,NULL,"9","1"
"6179","3","image","https://storage.googleapis.com/sisiwaka-touen-medias/003/003_10%E8%A3%8F.jpg",NULL,NULL,NULL,"10","1"
"6180","3","image","https://storage.googleapis.com/sisiwaka-touen-medias/003/003_11%E8%B6%B3.jpg",NULL,NULL,NULL,"11","1"
"6181","3","video","https://storage.googleapis.com/sisiwaka-touen-medias/003/003_%E5%8D%81%E4%BA%8C%E5%88%BB.jpg","https://storage.googleapis.com/sisiwaka-touen-medias/003/003_%E5%8D%81%E4%BA%8C%E5%88%BB.mp4",NULL,NULL,"999","1"
"6182","7","image","https://storage.googleapis.com/sisiwaka-touen-medias/007/007_01%E6%89%8B%E6%8C%81%E3%81%A1.jpg",NULL,NULL,NULL,"1","1"
"6183","7","image","https://storage.googleapis.com/sisiwaka-touen-medias/007/007_02%E6%89%8B%E6%8C%81%E3%81%A12.jpg",NULL,NULL,NULL,"2","1"
"6184","7","image","https://storage.googleapis.com/sisiwaka-touen-medias/007/007_03%E5%85%A8%E4%BD%93.jpg",NULL,NULL,NULL,"3","1"
"6185","7","image","https://storage.googleapis.com/sisiwaka-touen-medias/007/007_04%E6%96%9C%E3%82%81%E4%B8%8A.jpg",NULL,NULL,NULL,"4","1"
"6186","7","image","https://storage.googleapis.com/sisiwaka-touen-medias/007/007_05%E3%81%82%E3%81%8A%E3%82%8A.jpg",NULL,NULL,NULL,"5","1"
"6187","7","image","https://storage.googleapis.com/sisiwaka-touen-medias/007/007_06%E6%8B%A1%E5%A4%A7.jpg",NULL,NULL,NULL,"6","1"
"6188","7","image","https://storage.googleapis.com/sisiwaka-touen-medias/007/007_07%E8%A6%8B%E8%BE%BC%E3%81%BF.jpg",NULL,NULL,NULL,"7","1"
"6189","7","image","https://storage.googleapis.com/sisiwaka-touen-medias/007/007_08%E8%A3%8F.jpg",NULL,NULL,NULL,"8","1"
"6190","7","image","https://storage.googleapis.com/sisiwaka-touen-medias/007/007_09%E8%B6%B3.jpg",NULL,NULL,NULL,"9","1"
"6191","7","video","https://storage.googleapis.com/sisiwaka-touen-medias/007/007_%E7%8E%84%E6%AD%A6%E7%9A%BF.jpg","https://storage.googleapis.com/sisiwaka-touen-medias/007/007_%E7%8E%84%E6%AD%A6%E7%9A%BF.mp4",NULL,NULL,"999","1"
"6192","8","image","https://storage.googleapis.com/sisiwaka-touen-medias/008/008_01%E6%89%8B%E6%8C%81%E3%81%A1.jpg",NULL,NULL,NULL,"1","1"
"6193","8","image","https://storage.googleapis.com/sisiwaka-touen-medias/008/008_02%E5%8F%B3.jpg",NULL,NULL,NULL,"2","1"
"6194","8","image","https://storage.googleapis.com/sisiwaka-touen-medias/008/008_03%E6%AD%A3%E9%9D%A2.jpg",NULL,NULL,NULL,"3","1"
"6195","8","image","https://storage.googleapis.com/sisiwaka-touen-medias/008/008_04%E5%B7%A6.jpg",NULL,NULL,NULL,"4","1"
"6196","8","image","https://storage.googleapis.com/sisiwaka-touen-medias/008/008_05%E5%8F%96%E3%81%A3%E6%89%8B.jpg",NULL,NULL,NULL,"5","1"
"6197","8","image","https://storage.googleapis.com/sisiwaka-touen-medias/008/008_06%E6%8B%A1%E5%A4%A7.jpg",NULL,NULL,NULL,"6","1"
"6198","8","image","https://storage.googleapis.com/sisiwaka-touen-medias/008/008_07%E5%8F%96%E3%81%A3%E6%89%8B%E8%A3%8F.jpg",NULL,NULL,NULL,"7","1"
"6199","8","image","https://storage.googleapis.com/sisiwaka-touen-medias/008/008_08%E5%8F%96%E3%81%A3%E6%89%8B%E6%8B%A1%E5%A4%A7.jpg",NULL,NULL,NULL,"8","1"
"6200","8","image","https://storage.googleapis.com/sisiwaka-touen-medias/008/008_09%E8%A6%8B%E8%BE%BC%E3%81%BF.jpg",NULL,NULL,NULL,"9","1"
"6201","8","image","https://storage.googleapis.com/sisiwaka-touen-medias/008/008_10%E8%A6%8B%E8%BE%BC%E3%81%BF%E6%8B%A1%E5%A4%A7.jpg",NULL,NULL,NULL,"10","1"
"6202","8","image","https://storage.googleapis.com/sisiwaka-touen-medias/008/008_11%E8%A3%8F.jpg",NULL,NULL,NULL,"11","1"
"6203","8","video","https://storage.googleapis.com/sisiwaka-touen-medias/008/008_%E3%82%A2%E3%83%AB%E3%83%9E%E3%82%B8%E3%83%AD.jpg","https://storage.googleapis.com/sisiwaka-touen-medias/008/008_%E3%82%A2%E3%83%AB%E3%83%9E%E3%82%B8%E3%83%AD.mp4",NULL,NULL,"999","1"
"6204","20","image","https://storage.googleapis.com/sisiwaka-touen-medias/020/020_01%E6%89%8B%E6%8C%81%E3%81%A1.jpg",NULL,NULL,NULL,"1","1"
"6205","20","image","https://storage.googleapis.com/sisiwaka-touen-medias/020/020_02%E5%8F%B3.jpg",NULL,NULL,NULL,"2","1"
"6206","20","image","https://storage.googleapis.com/sisiwaka-touen-medias/020/020_02%E6%AD%A3%E9%9D%A2.jpg",NULL,NULL,NULL,"2","1"
"6207","20","image","https://storage.googleapis.com/sisiwaka-touen-medias/020/020_03%E5%B7%A6.jpg",NULL,NULL,NULL,"3","1"
"6208","20","image","https://storage.googleapis.com/sisiwaka-touen-medias/020/020_04%E5%8F%96%E3%81%A3%E6%89%8B.jpg",NULL,NULL,NULL,"4","1"
"6209","20","image","https://storage.googleapis.com/sisiwaka-touen-medias/020/020_05%E6%8B%A1%E5%A4%A7.jpg",NULL,NULL,NULL,"5","1"
"6210","20","image","https://storage.googleapis.com/sisiwaka-touen-medias/020/020_06%E8%A6%8B%E8%BE%BC%E3%81%BF.jpg",NULL,NULL,NULL,"6","1"
"6211","20","image","https://storage.googleapis.com/sisiwaka-touen-medias/020/020_07%E8%A6%8B%E8%BE%BC%E3%81%BF%E6%8B%A1%E5%A4%A7.jpg",NULL,NULL,NULL,"7","1"
"6212","20","image","https://storage.googleapis.com/sisiwaka-touen-medias/020/020_08%E8%A3%8F.jpg",NULL,NULL,NULL,"8","1"
"6213","20","image","https://storage.googleapis.com/sisiwaka-touen-medias/020/020_09%E8%B6%B3%E6%8B%A1%E5%A4%A7.jpg",NULL,NULL,NULL,"9","1"
"6214","20","video","https://storage.googleapis.com/sisiwaka-touen-medias/020/020_%E8%B5%AB%E8%80%80%E3%81%AE%E7%A7%98%E5%85%89.jpg","https://storage.googleapis.com/sisiwaka-touen-medias/020/020_%E8%B5%AB%E8%80%80%E3%81%AE%E7%A7%98%E5%85%89.mp4",NULL,NULL,"999","1"
"6215","21","image","https://storage.googleapis.com/sisiwaka-touen-medias/021/021_01%E6%89%8B%E6%8C%81%E3%81%A1.jpg",NULL,NULL,NULL,"1","1"
"6216","21","image","https://storage.googleapis.com/sisiwaka-touen-medias/021/021_02%E5%B7%A6.jpg",NULL,NULL,NULL,"2","1"
"6217","21","image","https://storage.googleapis.com/sisiwaka-touen-medias/021/021_03%E6%AD%A3%E9%9D%A2.jpg",NULL,NULL,NULL,"3","1"
"6218","21","image","https://storage.googleapis.com/sisiwaka-touen-medias/021/021_04%E5%8F%B3.jpg",NULL,NULL,NULL,"4","1"
"6219","21","image","https://storage.googleapis.com/sisiwaka-touen-medias/021/021_05%E5%8F%96%E3%81%A3%E6%89%8B.jpg",NULL,NULL,NULL,"5","1"
"6220","21","image","https://storage.googleapis.com/sisiwaka-touen-medias/021/021_06%E6%8B%A1%E5%A4%A7%E6%AD%A3%E9%9D%A2.jpg",NULL,NULL,NULL,"6","1"
"6221","21","image","https://storage.googleapis.com/sisiwaka-touen-medias/021/021_07%E6%8B%A1%E5%A4%A7%E5%8F%96%E3%81%A3%E6%89%8B.jpg",NULL,NULL,NULL,"7","1"
"6222","21","image","https://storage.googleapis.com/sisiwaka-touen-medias/021/021_08%E8%A6%8B%E8%BE%BC%E3%81%BF.jpg",NULL,NULL,NULL,"8","1"
"6223","21","image","https://storage.googleapis.com/sisiwaka-touen-medias/021/021_09%E5%BA%95.jpg",NULL,NULL,NULL,"9","1"
"6224","21","video","https://storage.googleapis.com/sisiwaka-touen-medias/021/021_%E3%83%A2%E3%82%A2%E3%83%AC.jpg","https://storage.googleapis.com/sisiwaka-touen-medias/021/021_%E3%83%A2%E3%82%A2%E3%83%AC.mp4",NULL,NULL,"999","1"
"6225","22","image","https://storage.googleapis.com/sisiwaka-touen-medias/022/022_01%E6%89%8B%E6%8C%81%E3%81%A1.jpg",NULL,NULL,NULL,"1","1"
"6226","22","image","https://storage.googleapis.com/sisiwaka-touen-medias/022/022_02%E5%8F%B3.jpg",NULL,NULL,NULL,"2","1"
"6227","22","image","https://storage.googleapis.com/sisiwaka-touen-medias/022/022_03%E6%AD%A3%E9%9D%A2.jpg",NULL,NULL,NULL,"3","1"
"6228","22","image","https://storage.googleapis.com/sisiwaka-touen-medias/022/022_04%E5%8F%96%E3%81%A3%E6%89%8B%E5%81%B4.jpg",NULL,NULL,NULL,"4","1"
"6229","22","image","https://storage.googleapis.com/sisiwaka-touen-medias/022/022_05%E8%A6%8B%E8%BE%BC%E3%81%BF.jpg",NULL,NULL,NULL,"5","1"
"6230","22","image","https://storage.googleapis.com/sisiwaka-touen-medias/022/022_06%E5%BA%95.jpg",NULL,NULL,NULL,"6","1"
"6231","22","image","https://storage.googleapis.com/sisiwaka-touen-medias/022/022_07%E6%8B%A1%E5%A4%A71.jpg",NULL,NULL,NULL,"7","1"
"6232","22","image","https://storage.googleapis.com/sisiwaka-touen-medias/022/022_08%E6%8B%A1%E5%A4%A72.jpg",NULL,NULL,NULL,"8","1"
"6233","22","video","https://storage.googleapis.com/sisiwaka-touen-medias/022/022_%E9%9B%B2%E6%B5%B7%E3%81%AE%E3%83%94%E3%83%A9%E3%83%9F%E3%83%83%E3%83%89.jpg","https://storage.googleapis.com/sisiwaka-touen-medias/022/022_%E9%9B%B2%E6%B5%B7%E3%81%AE%E3%83%94%E3%83%A9%E3%83%9F%E3%83%83%E3%83%89.mp4",NULL,NULL,"999","1"
"6234","25","image","https://storage.googleapis.com/sisiwaka-touen-medias/025/025_01%E6%89%8B%E6%8C%81%E3%81%A1.jpg",NULL,NULL,NULL,"1","1"
"6235","25","image","https://storage.googleapis.com/sisiwaka-touen-medias/025/025_02%E6%AD%A3%E9%9D%A21.jpg",NULL,NULL,NULL,"2","1"
"6236","25","image","https://storage.googleapis.com/sisiwaka-touen-medias/025/025_03%E6%AD%A3%E9%9D%A22.jpg",NULL,NULL,NULL,"3","1"
"6237","25","image","https://storage.googleapis.com/sisiwaka-touen-medias/025/025_04%E8%A6%8B%E8%BE%BC%E3%81%BF.jpg",NULL,NULL,NULL,"4","1"
"6238","25","image","https://storage.googleapis.com/sisiwaka-touen-medias/025/025_05%E8%A6%8B%E8%BE%BC%E3%81%BF%E6%8B%A1%E5%A4%A7.jpg",NULL,NULL,NULL,"5","1"
"6239","25","image","https://storage.googleapis.com/sisiwaka-touen-medias/025/025_06%E5%BA%95%E9%9D%A2.jpg",NULL,NULL,NULL,"6","1"
"6240","25","image","https://storage.googleapis.com/sisiwaka-touen-medias/025/025_07%E5%BA%95%E9%9D%A2%E6%8B%A1%E5%A4%A7.jpg",NULL,NULL,NULL,"7","1"
"6241","25","video","https://storage.googleapis.com/sisiwaka-touen-medias/025/025_%E7%BF%A0%E7%B4%85%E7%A2%97.jpg","https://storage.googleapis.com/sisiwaka-touen-medias/025/025_%E7%BF%A0%E7%B4%85%E7%A2%97.mp4",NULL,NULL,"999","1"
"6242","26","image","https://storage.googleapis.com/sisiwaka-touen-medias/026/026_01%E6%89%8B%E6%8C%81%E3%81%A1.jpg",NULL,NULL,NULL,"1","1"
"6243","26","image","https://storage.googleapis.com/sisiwaka-touen-medias/026/026_02%E5%8F%B3.jpg",NULL,NULL,NULL,"2","1"
"6244","26","image","https://storage.googleapis.com/sisiwaka-touen-medias/026/026_03%E6%AD%A3%E9%9D%A2.jpg",NULL,NULL,NULL,"3","1"
"6245","26","image","https://storage.googleapis.com/sisiwaka-touen-medias/026/026_04%E5%B7%A6.jpg",NULL,NULL,NULL,"4","1"
"6246","26","image","https://storage.googleapis.com/sisiwaka-touen-medias/026/026_05%E5%8F%96%E3%81%A3%E6%89%8B.jpg",NULL,NULL,NULL,"5","1"
"6247","26","image","https://storage.googleapis.com/sisiwaka-touen-medias/026/026_06%E8%A6%8B%E8%BE%BC%E3%81%BF.jpg",NULL,NULL,NULL,"6","1"
"6248","26","image","https://storage.googleapis.com/sisiwaka-touen-medias/026/026_07%E5%BA%95.jpg",NULL,NULL,NULL,"7","1"
"6249","26","image","https://storage.googleapis.com/sisiwaka-touen-medias/026/026_08%E8%B6%B3.jpg",NULL,NULL,NULL,"8","1"
"6250","26","image","https://storage.googleapis.com/sisiwaka-touen-medias/026/026_09%E7%AB%8B%E3%81%A1%E5%A7%BF.jpg",NULL,NULL,NULL,"9","1"
"6251","26","video","https://storage.googleapis.com/sisiwaka-touen-medias/026/026_%E7%9B%AE%E8%A6%9A%E3%82%81%E3%81%AE%E3%83%95%E3%82%AF%E3%83%AD%E3%82%A6.jpg","https://storage.googleapis.com/sisiwaka-touen-medias/026/026_%E7%9B%AE%E8%A6%9A%E3%82%81%E3%81%AE%E3%83%95%E3%82%AF%E3%83%AD%E3%82%A6.mp4",NULL,NULL,"999","1"
"6252","27","image","https://storage.googleapis.com/sisiwaka-touen-medias/027/027_01%E6%89%8B%E6%8C%81%E3%81%A1.jpg",NULL,NULL,NULL,"1","1"
"6253","27","image","https://storage.googleapis.com/sisiwaka-touen-medias/027/027_02%E5%8F%B3.jpg",NULL,NULL,NULL,"2","1"
"6254","27","image","https://storage.googleapis.com/sisiwaka-touen-medias/027/027_03%E6%AD%A3%E9%9D%A2.jpg",NULL,NULL,NULL,"3","1"
"6255","27","image","https://storage.googleapis.com/sisiwaka-touen-medias/027/027_04%E5%B7%A6.jpg",NULL,NULL,NULL,"4","1"
"6256","27","image","https://storage.googleapis.com/sisiwaka-touen-medias/027/027_05%E8%A6%8B%E8%BE%BC%E3%81%BF.jpg",NULL,NULL,NULL,"5","1"
"6257","27","image","https://storage.googleapis.com/sisiwaka-touen-medias/027/027_06%E5%BA%95.jpg",NULL,NULL,NULL,"6","1"
"6258","27","image","https://storage.googleapis.com/sisiwaka-touen-medias/027/027_07%E7%AB%8B%E3%81%A1%E5%A7%BF.jpg",NULL,NULL,NULL,"7","1"
"6259","27","image","https://storage.googleapis.com/sisiwaka-touen-medias/027/027_08%E6%8E%A5%E5%86%99.jpg",NULL,NULL,NULL,"8","1"
"6260","27","video","https://storage.googleapis.com/sisiwaka-touen-medias/027/027_%E7%91%AA%E7%91%99%E7%92%B0.jpg","https://storage.googleapis.com/sisiwaka-touen-medias/027/027_%E7%91%AA%E7%91%99%E7%92%B0.mp4",NULL,NULL,"999","1"
"6261","28","image","https://storage.googleapis.com/sisiwaka-touen-medias/028/028_01%E6%89%8B%E6%8C%81%E3%81%A1.jpg",NULL,NULL,NULL,"1","1"
"6262","28","image","https://storage.googleapis.com/sisiwaka-touen-medias/028/028_02%E5%B7%A6.jpg",NULL,NULL,NULL,"2","1"
"6263","28","image","https://storage.googleapis.com/sisiwaka-touen-medias/028/028_03%E6%AD%A3%E9%9D%A2.jpg",NULL,NULL,NULL,"3","1"
"6264","28","image","https://storage.googleapis.com/sisiwaka-touen-medias/028/028_04%E5%8F%B3.jpg",NULL,NULL,NULL,"4","1"
"6265","28","image","https://storage.googleapis.com/sisiwaka-touen-medias/028/028_05%E5%8F%96%E3%81%A3%E6%89%8B.jpg",NULL,NULL,NULL,"5","1"
"6266","28","image","https://storage.googleapis.com/sisiwaka-touen-medias/028/028_06%E8%A6%8B%E8%BE%BC%E3%81%BF.jpg",NULL,NULL,NULL,"6","1"
"6267","28","image","https://storage.googleapis.com/sisiwaka-touen-medias/028/028_07%E5%BA%95.jpg",NULL,NULL,NULL,"7","1"
"6268","28","image","https://storage.googleapis.com/sisiwaka-touen-medias/028/028_08%E7%AB%8B%E3%81%A1%E5%A7%BF.jpg",NULL,NULL,NULL,"8","1"
"6269","28","image","https://storage.googleapis.com/sisiwaka-touen-medias/028/028_09%E8%B6%B3.jpg",NULL,NULL,NULL,"9","1"
"6270","28","video","https://storage.googleapis.com/sisiwaka-touen-medias/028/028_%E7%91%AA%E7%91%99%E6%99%B6.jpg","https://storage.googleapis.com/sisiwaka-touen-medias/028/028_%E7%91%AA%E7%91%99%E6%99%B6.mp4",NULL,NULL,"999","1"
"6271","29","image","https://storage.googleapis.com/sisiwaka-touen-medias/029/029_01%E6%89%8B%E6%8C%81%E3%81%A1.jpg",NULL,NULL,NULL,"1","1"
"6272","29","image","https://storage.googleapis.com/sisiwaka-touen-medias/029/029_02%E5%B7%A6.jpg",NULL,NULL,NULL,"2","1"
"6273","29","image","https://storage.googleapis.com/sisiwaka-touen-medias/029/029_03%E6%AD%A3%E9%9D%A2.jpg",NULL,NULL,NULL,"3","1"
"6274","29","image","https://storage.googleapis.com/sisiwaka-touen-medias/029/029_04%E5%8F%B3.jpg",NULL,NULL,NULL,"4","1"
"6275","29","image","https://storage.googleapis.com/sisiwaka-touen-medias/029/029_05%E5%8F%96%E3%81%A3%E6%89%8B.jpg",NULL,NULL,NULL,"5","1"
"6276","29","image","https://storage.googleapis.com/sisiwaka-touen-medias/029/029_06%E8%A6%8B%E8%BE%BC%E3%81%BF.jpg",NULL,NULL,NULL,"6","1"
"6277","29","image","https://storage.googleapis.com/sisiwaka-touen-medias/029/029_07%E5%BA%95.jpg",NULL,NULL,NULL,"7","1"
"6278","29","image","https://storage.googleapis.com/sisiwaka-touen-medias/029/029_08%E8%84%9A.jpg",NULL,NULL,NULL,"8","1"
"6279","29","image","https://storage.googleapis.com/sisiwaka-touen-medias/029/029_09%E7%AB%8B%E3%81%A1%E5%A7%BF.jpg",NULL,NULL,NULL,"9","1"
"6280","29","video","https://storage.googleapis.com/sisiwaka-touen-medias/029/029_%E7%91%AA%E7%91%99%E5%A2%A8.jpg","https://storage.googleapis.com/sisiwaka-touen-medias/029/029_%E7%91%AA%E7%91%99%E5%A2%A8.mp4",NULL,NULL,"999","1"
"6281","30","image","https://storage.googleapis.com/sisiwaka-touen-medias/030/030_01%E6%AD%A3%E9%9D%A21.jpg",NULL,NULL,NULL,"1","1"
"6282","30","image","https://storage.googleapis.com/sisiwaka-touen-medias/030/030_03%E6%AD%A3%E9%9D%A23.jpg",NULL,NULL,NULL,"3","1"
"6283","30","image","https://storage.googleapis.com/sisiwaka-touen-medias/030/030_04%E8%A6%8B%E8%BE%BC%E3%81%BF.jpg",NULL,NULL,NULL,"4","1"
"6284","30","image","https://storage.googleapis.com/sisiwaka-touen-medias/030/030_05%E6%8E%A5%E5%86%99.jpg",NULL,NULL,NULL,"5","1"
"6285","30","image","https://storage.googleapis.com/sisiwaka-touen-medias/030/030_06%E6%AD%A3%E9%9D%A24.jpg",NULL,NULL,NULL,"6","1"
"6286","30","image","https://storage.googleapis.com/sisiwaka-touen-medias/030/030_07%E8%A3%8F.jpg",NULL,NULL,NULL,"7","1"
"6287","30","image","https://storage.googleapis.com/sisiwaka-touen-medias/030/030_08%E6%89%8B%E6%8C%81%E3%81%A1.jpg",NULL,NULL,NULL,"8","1"
"6288","30","video","https://storage.googleapis.com/sisiwaka-touen-medias/030/030_%E9%9B%AA%E5%A2%A8%E5%B3%B0.jpg","https://storage.googleapis.com/sisiwaka-touen-medias/030/030_%E9%9B%AA%E5%A2%A8%E5%B3%B0.mp4",NULL,NULL,"999","1"
"6289","33","image","https://storage.googleapis.com/sisiwaka-touen-medias/033/033_01%E6%89%8B%E6%8C%81%E3%81%A1.jpg",NULL,NULL,NULL,"1","1"
"6290","33","image","https://storage.googleapis.com/sisiwaka-touen-medias/033/033_02%E5%B7%A6.jpg",NULL,NULL,NULL,"2","1"
"6291","33","image","https://storage.googleapis.com/sisiwaka-touen-medias/033/033_03%E6%AD%A3%E9%9D%A2.jpg",NULL,NULL,NULL,"3","1"
"6292","33","image","https://storage.googleapis.com/sisiwaka-touen-medias/033/033_04%E5%8F%B3.jpg",NULL,NULL,NULL,"4","1"
"6293","33","image","https://storage.googleapis.com/sisiwaka-touen-medias/033/033_05%E5%8F%96%E3%81%A3%E6%89%8B.jpg",NULL,NULL,NULL,"5","1"
"6294","33","image","https://storage.googleapis.com/sisiwaka-touen-medias/033/033_06%E8%A6%8B%E8%BE%BC%E3%81%BF.jpg",NULL,NULL,NULL,"6","1"
"6295","33","image","https://storage.googleapis.com/sisiwaka-touen-medias/033/033_07%E5%BA%95.jpg",NULL,NULL,NULL,"7","1"
"6296","33","video","https://storage.googleapis.com/sisiwaka-touen-medias/033/033_%E9%A2%A8%E6%B4%9E%E5%AE%9F%E9%A8%93.jpg","https://storage.googleapis.com/sisiwaka-touen-medias/033/033_%E9%A2%A8%E6%B4%9E%E5%AE%9F%E9%A8%93.mp4",NULL,NULL,"999","1"
"6297","34","image","https://storage.googleapis.com/sisiwaka-touen-medias/034/034_01%E6%89%8B%E6%8C%81%E3%81%A1.jpg",NULL,NULL,NULL,"1","1"
"6298","34","image","https://storage.googleapis.com/sisiwaka-touen-medias/034/034_02%E5%B7%A6.jpg",NULL,NULL,NULL,"2","1"
"6299","34","image","https://storage.googleapis.com/sisiwaka-touen-medias/034/034_03%E6%AD%A3%E9%9D%A2.jpg",NULL,NULL,NULL,"3","1"
"6300","34","image","https://storage.googleapis.com/sisiwaka-touen-medias/034/034_04%E5%8F%B3.jpg",NULL,NULL,NULL,"4","1"
"6301","34","image","https://storage.googleapis.com/sisiwaka-touen-medias/034/034_05%E5%8F%96%E3%81%A3%E6%89%8B.jpg",NULL,NULL,NULL,"5","1"
"6302","34","image","https://storage.googleapis.com/sisiwaka-touen-medias/034/034_06%E8%A6%8B%E8%BE%BC%E3%81%BF.jpg",NULL,NULL,NULL,"6","1"
"6303","34","image","https://storage.googleapis.com/sisiwaka-touen-medias/034/034_07%E5%BA%95.jpg",NULL,NULL,NULL,"7","1"
"6304","34","image","https://storage.googleapis.com/sisiwaka-touen-medias/034/034_08%E6%8B%A1%E5%A4%A7.jpg",NULL,NULL,NULL,"8","1"
"6305","34","video","https://storage.googleapis.com/sisiwaka-touen-medias/034/034_%E7%89%A1%E8%A0%A3%E3%81%AE%E7%BE%A4%E7%94%9F.jpg","https://storage.googleapis.com/sisiwaka-touen-medias/034/034_%E7%89%A1%E8%A0%A3%E3%81%AE%E7%BE%A4%E7%94%9F.mp4",NULL,NULL,"999","1"
"6306","35","image","https://storage.googleapis.com/sisiwaka-touen-medias/035/035_01%E6%89%8B%E6%8C%81%E3%81%A1.jpg",NULL,NULL,NULL,"1","1"
"6307","35","image","https://storage.googleapis.com/sisiwaka-touen-medias/035/035_02%E5%B7%A6.jpg",NULL,NULL,NULL,"2","1"
"6308","35","image","https://storage.googleapis.com/sisiwaka-touen-medias/035/035_03%E6%AD%A3%E9%9D%A2.jpg",NULL,NULL,NULL,"3","1"
"6309","35","image","https://storage.googleapis.com/sisiwaka-touen-medias/035/035_04%E5%8F%B3.jpg",NULL,NULL,NULL,"4","1"
"6310","35","image","https://storage.googleapis.com/sisiwaka-touen-medias/035/035_05%E5%8F%96%E3%81%A3%E6%89%8B.jpg",NULL,NULL,NULL,"5","1"
"6311","35","image","https://storage.googleapis.com/sisiwaka-touen-medias/035/035_06%E8%A6%8B%E8%BE%BC%E3%81%BF.jpg",NULL,NULL,NULL,"6","1"
"6312","35","image","https://storage.googleapis.com/sisiwaka-touen-medias/035/035_07%E5%BA%95.jpg",NULL,NULL,NULL,"7","1"
"6313","35","image","https://storage.googleapis.com/sisiwaka-touen-medias/035/035_08%E5%81%B4%E9%9D%A2%E6%8B%A1%E5%A4%A7.jpg",NULL,NULL,NULL,"8","1"
"6314","35","image","https://storage.googleapis.com/sisiwaka-touen-medias/035/035_09%E5%81%B4%E9%9D%A2%E6%8B%A1%E5%A4%A7.jpg",NULL,NULL,NULL,"9","1"
"6315","35","image","https://storage.googleapis.com/sisiwaka-touen-medias/035/035_10%E5%8F%96%E3%81%A3%E6%89%8B%E8%A3%8F.jpg",NULL,NULL,NULL,"10","1"
"6316","35","image","https://storage.googleapis.com/sisiwaka-touen-medias/035/035_11%E5%8F%A3%E6%8B%A1%E5%A4%A7.jpg",NULL,NULL,NULL,"11","1"
"6317","35","image","https://storage.googleapis.com/sisiwaka-touen-medias/035/035_12%E9%AB%98%E5%8F%B0%E6%8B%A1%E5%A4%A7.jpg",NULL,NULL,NULL,"12","1"
"6318","35","video","https://storage.googleapis.com/sisiwaka-touen-medias/035/035_%E5%9C%9F%E3%81%AE%E3%83%AA%E3%82%BA%E3%83%A0.jpg","https://storage.googleapis.com/sisiwaka-touen-medias/035/035_%E5%9C%9F%E3%81%AE%E3%83%AA%E3%82%BA%E3%83%A0.mp4",NULL,NULL,"999","1"
"6319","36","image","https://storage.googleapis.com/sisiwaka-touen-medias/036/036_01%E6%89%8B%E6%8C%81%E3%81%A1.jpg",NULL,NULL,NULL,"1","1"
"6320","36","image","https://storage.googleapis.com/sisiwaka-touen-medias/036/036_02%E5%B7%A6.jpg",NULL,NULL,NULL,"2","1"
"6321","36","image","https://storage.googleapis.com/sisiwaka-touen-medias/036/036_03%E5%B7%A6%E6%8B%A1%E5%A4%A7.jpg",NULL,NULL,NULL,"3","1"
"6322","36","image","https://storage.googleapis.com/sisiwaka-touen-medias/036/036_04%E6%AD%A3%E9%9D%A2.jpg",NULL,NULL,NULL,"4","1"
"6323","36","image","https://storage.googleapis.com/sisiwaka-touen-medias/036/036_05%E6%AD%A3%E9%9D%A2%E6%8B%A1%E5%A4%A7.jpg",NULL,NULL,NULL,"5","1"
"6324","36","image","https://storage.googleapis.com/sisiwaka-touen-medias/036/036_06%E5%8F%B3.jpg",NULL,NULL,NULL,"6","1"
"6325","36","image","https://storage.googleapis.com/sisiwaka-touen-medias/036/036_07%E5%8F%B3%E6%8B%A1%E5%A4%A7.jpg",NULL,NULL,NULL,"7","1"
"6326","36","image","https://storage.googleapis.com/sisiwaka-touen-medias/036/036_08%E5%8F%96%E3%81%A3%E6%89%8B.jpg",NULL,NULL,NULL,"8","1"
"6327","36","image","https://storage.googleapis.com/sisiwaka-touen-medias/036/036_09%E5%8F%96%E3%81%A3%E6%89%8B%E6%8B%A1%E5%A4%A7.jpg",NULL,NULL,NULL,"9","1"
"6328","36","image","https://storage.googleapis.com/sisiwaka-touen-medias/036/036_10%E8%A6%8B%E8%BE%BC%E3%81%BF.jpg",NULL,NULL,NULL,"10","1"
"6329","36","image","https://storage.googleapis.com/sisiwaka-touen-medias/036/036_11%E8%A6%8B%E8%BE%BC%E3%81%BF%E6%8B%A1%E5%A4%A7.jpg",NULL,NULL,NULL,"11","1"
"6330","36","image","https://storage.googleapis.com/sisiwaka-touen-medias/036/036_12%E8%A3%8F.jpg",NULL,NULL,NULL,"12","1"
"6331","36","image","https://storage.googleapis.com/sisiwaka-touen-medias/036/036_13%E8%B6%B3%E6%8B%A1%E5%A4%A7.jpg",NULL,NULL,NULL,"13","1"
"6332","36","video","https://storage.googleapis.com/sisiwaka-touen-medias/036/036_%E5%A4%A7%E5%9C%B0%E3%81%AE%E9%BC%93%E5%8B%95.jpg","https://storage.googleapis.com/sisiwaka-touen-medias/036/036_%E5%A4%A7%E5%9C%B0%E3%81%AE%E9%BC%93%E5%8B%95.mp4",NULL,NULL,"999","1"
"6333","37","image","https://storage.googleapis.com/sisiwaka-touen-medias/037/037_01%E6%89%8B%E6%8C%81%E3%81%A1.jpg",NULL,NULL,NULL,"1","1"
"6334","37","image","https://storage.googleapis.com/sisiwaka-touen-medias/037/037_02%E5%8F%B3.jpg",NULL,NULL,NULL,"2","1"
"6335","37","image","https://storage.googleapis.com/sisiwaka-touen-medias/037/037_03%E6%AD%A3%E9%9D%A2.jpg",NULL,NULL,NULL,"3","1"
"6336","37","image","https://storage.googleapis.com/sisiwaka-touen-medias/037/037_04%E5%B7%A6.jpg",NULL,NULL,NULL,"4","1"
"6337","37","image","https://storage.googleapis.com/sisiwaka-touen-medias/037/037_05%E5%8F%96%E3%81%A3%E6%89%8B.jpg",NULL,NULL,NULL,"5","1"
"6338","37","image","https://storage.googleapis.com/sisiwaka-touen-medias/037/037_06%E5%B7%A6%E6%8B%A1%E5%A4%A7.jpg",NULL,NULL,NULL,"6","1"
"6339","37","image","https://storage.googleapis.com/sisiwaka-touen-medias/037/037_07%E6%AD%A3%E9%9D%A2%E6%8B%A1%E5%A4%A7.jpg",NULL,NULL,NULL,"7","1"
"6340","37","image","https://storage.googleapis.com/sisiwaka-touen-medias/037/037_08%E5%8F%96%E3%81%A3%E6%89%8B%E3%81%AE%E8%A3%8F.jpg",NULL,NULL,NULL,"8","1"
"6341","37","image","https://storage.googleapis.com/sisiwaka-touen-medias/037/037_09%E8%A6%8B%E8%BE%BC%E3%81%BF.jpg",NULL,NULL,NULL,"9","1"
"6342","37","image","https://storage.googleapis.com/sisiwaka-touen-medias/037/037_10%E8%A6%8B%E8%BE%BC%E3%81%BF%E6%8B%A1%E5%A4%A7.jpg",NULL,NULL,NULL,"10","1"
"6343","37","image","https://storage.googleapis.com/sisiwaka-touen-medias/037/037_11%E5%BA%95.jpg",NULL,NULL,NULL,"11","1"
"6344","37","image","https://storage.googleapis.com/sisiwaka-touen-medias/037/037_12%E8%B6%B3%E6%8B%A1%E5%A4%A7.jpg",NULL,NULL,NULL,"12","1"
"6345","37","video","https://storage.googleapis.com/sisiwaka-touen-medias/037/037_%E3%83%9B%E3%83%AF%E3%82%A4%E3%83%88%E3%82%BF%E3%82%A4%E3%82%AC%E3%83%BC.jpg","https://storage.googleapis.com/sisiwaka-touen-medias/037/037_%E3%83%9B%E3%83%AF%E3%82%A4%E3%83%88%E3%82%BF%E3%82%A4%E3%82%AC%E3%83%BC.mp4",NULL,NULL,"999","1"
"6346","38","image","https://storage.googleapis.com/sisiwaka-touen-medias/038/038_01%E6%89%8B%E6%8C%81%E3%81%A1.jpg",NULL,NULL,NULL,"1","1"
"6347","38","image","https://storage.googleapis.com/sisiwaka-touen-medias/038/038_02%E5%81%B4%E9%9D%A21.jpg",NULL,NULL,NULL,"2","1"
"6348","38","image","https://storage.googleapis.com/sisiwaka-touen-medias/038/038_03%E5%81%B4%E9%9D%A22.jpg",NULL,NULL,NULL,"3","1"
"6349","38","image","https://storage.googleapis.com/sisiwaka-touen-medias/038/038_04%E5%81%B4%E9%9D%A23.jpg",NULL,NULL,NULL,"4","1"
"6350","38","image","https://storage.googleapis.com/sisiwaka-touen-medias/038/038_05%E5%81%B4%E9%9D%A24.jpg",NULL,NULL,NULL,"5","1"
"6351","38","image","https://storage.googleapis.com/sisiwaka-touen-medias/038/038_06%E5%AF%84%E3%82%8A1.jpg",NULL,NULL,NULL,"6","1"
"6352","38","image","https://storage.googleapis.com/sisiwaka-touen-medias/038/038_07%E5%AF%84%E3%82%8A2.jpg",NULL,NULL,NULL,"7","1"
"6353","38","image","https://storage.googleapis.com/sisiwaka-touen-medias/038/038_08%E5%AF%84%E3%82%8A3.jpg",NULL,NULL,NULL,"8","1"
"6354","38","image","https://storage.googleapis.com/sisiwaka-touen-medias/038/038_09%E5%AF%84%E3%82%8A4.jpg",NULL,NULL,NULL,"9","1"
"6355","38","image","https://storage.googleapis.com/sisiwaka-touen-medias/038/038_10%E8%A6%8B%E8%BE%BC%E3%81%BF.jpg",NULL,NULL,NULL,"10","1"
"6356","38","image","https://storage.googleapis.com/sisiwaka-touen-medias/038/038_11%E8%A6%8B%E8%BE%BC%E3%81%BF%E6%8B%A1%E5%A4%A7.jpg",NULL,NULL,NULL,"11","1"
"6357","38","image","https://storage.googleapis.com/sisiwaka-touen-medias/038/038_12%E8%A3%8F.jpg",NULL,NULL,NULL,"12","1"
"6358","38","image","https://storage.googleapis.com/sisiwaka-touen-medias/038/038_13%E8%B6%B3.jpg",NULL,NULL,NULL,"13","1"
"6359","38","video","https://storage.googleapis.com/sisiwaka-touen-medias/038/038_%E9%B6%89%E5%B8%AF.jpg","https://storage.googleapis.com/sisiwaka-touen-medias/038/038_%E9%B6%89%E5%B8%AF.mp4",NULL,NULL,"999","1"
"6360","39","image","https://storage.googleapis.com/sisiwaka-touen-medias/039/039_01%E6%89%8B%E6%8C%81%E3%81%A1.jpg",NULL,NULL,NULL,"1","1"
"6361","39","image","https://storage.googleapis.com/sisiwaka-touen-medias/039/039_02%E5%B7%A6.jpg",NULL,NULL,NULL,"2","1"
"6362","39","image","https://storage.googleapis.com/sisiwaka-touen-medias/039/039_03%E6%AD%A3%E9%9D%A2.jpg",NULL,NULL,NULL,"3","1"
"6363","39","image","https://storage.googleapis.com/sisiwaka-touen-medias/039/039_04%E5%8F%B3.jpg",NULL,NULL,NULL,"4","1"
"6364","39","image","https://storage.googleapis.com/sisiwaka-touen-medias/039/039_05%E5%8F%96%E3%81%A3%E6%89%8B.jpg",NULL,NULL,NULL,"5","1"
"6365","39","image","https://storage.googleapis.com/sisiwaka-touen-medias/039/039_06%E5%B7%A6%E6%8B%A1%E5%A4%A7.jpg",NULL,NULL,NULL,"6","1"
"6366","39","image","https://storage.googleapis.com/sisiwaka-touen-medias/039/039_07%E6%AD%A3%E9%9D%A2%E6%8B%A1%E5%A4%A7.jpg",NULL,NULL,NULL,"7","1"
"6367","39","image","https://storage.googleapis.com/sisiwaka-touen-medias/039/039_08%E5%8F%B3%E6%8B%A1%E5%A4%A7.jpg",NULL,NULL,NULL,"8","1"
"6368","39","image","https://storage.googleapis.com/sisiwaka-touen-medias/039/039_09%E5%8F%96%E3%81%A3%E6%89%8B%E6%8B%A1%E5%A4%A7.jpg",NULL,NULL,NULL,"9","1"
"6369","39","image","https://storage.googleapis.com/sisiwaka-touen-medias/039/039_10%E8%A6%8B%E8%BE%BC%E3%81%BF.jpg",NULL,NULL,NULL,"10","1"
"6370","39","image","https://storage.googleapis.com/sisiwaka-touen-medias/039/039_11%E8%A3%8F.jpg",NULL,NULL,NULL,"11","1"
"6371","39","image","https://storage.googleapis.com/sisiwaka-touen-medias/039/039_12%E8%84%9A.jpg",NULL,NULL,NULL,"12","1"
"6372","39","video","https://storage.googleapis.com/sisiwaka-touen-medias/039/039_%E5%87%AA%E3%81%AE%E6%99%82%E9%96%93.jpg","https://storage.googleapis.com/sisiwaka-touen-medias/039/039_%E5%87%AA%E3%81%AE%E6%99%82%E9%96%93.mp4",NULL,NULL,"999","1"
"6373","40","image","https://storage.googleapis.com/sisiwaka-touen-medias/040/040_01%E6%89%8B%E6%8C%81%E3%81%A1.jpg",NULL,NULL,NULL,"1","1"
"6374","40","image","https://storage.googleapis.com/sisiwaka-touen-medias/040/040_02_%E5%8F%B3.jpg",NULL,NULL,NULL,"2","1"
"6375","40","image","https://storage.googleapis.com/sisiwaka-touen-medias/040/040_03%E6%AD%A3%E9%9D%A2.jpg",NULL,NULL,NULL,"3","1"
"6376","40","image","https://storage.googleapis.com/sisiwaka-touen-medias/040/040_04%E5%B7%A6.jpg",NULL,NULL,NULL,"4","1"
"6377","40","image","https://storage.googleapis.com/sisiwaka-touen-medias/040/040_05%E5%8F%96%E3%81%A3%E6%89%8B.jpg",NULL,NULL,NULL,"5","1"
"6378","40","image","https://storage.googleapis.com/sisiwaka-touen-medias/040/040_06%E6%8B%A1%E5%A4%A701.jpg",NULL,NULL,NULL,"6","1"
"6379","40","image","https://storage.googleapis.com/sisiwaka-touen-medias/040/040_07%E6%8B%A1%E5%A4%A702.jpg",NULL,NULL,NULL,"7","1"
"6380","40","image","https://storage.googleapis.com/sisiwaka-touen-medias/040/040_08%E6%8B%A1%E5%A4%A703.jpg",NULL,NULL,NULL,"8","1"
"6381","40","image","https://storage.googleapis.com/sisiwaka-touen-medias/040/040_09%E6%8B%A1%E5%A4%A704.jpg",NULL,NULL,NULL,"9","1"
"6382","40","image","https://storage.googleapis.com/sisiwaka-touen-medias/040/040_10%E5%8F%96%E3%81%A3%E6%89%8B%E6%8B%A1%E5%A4%A7.jpg",NULL,NULL,NULL,"10","1"
"6383","40","image","https://storage.googleapis.com/sisiwaka-touen-medias/040/040_11%E8%A6%8B%E8%BE%BC%E3%81%BF.jpg",NULL,NULL,NULL,"11","1"
"6384","40","image","https://storage.googleapis.com/sisiwaka-touen-medias/040/040_12%E8%A3%8F.jpg",NULL,NULL,NULL,"12","1"
"6385","40","image","https://storage.googleapis.com/sisiwaka-touen-medias/040/040_13%E8%B6%B3.jpg",NULL,NULL,NULL,"13","1"
"6386","40","video","https://storage.googleapis.com/sisiwaka-touen-medias/040/040_%E5%A2%A8%E6%B5%81%E3%81%97.jpg","https://storage.googleapis.com/sisiwaka-touen-medias/040/040_%E5%A2%A8%E6%B5%81%E3%81%97.mp4",NULL,NULL,"999","1"
"6387","42","image","https://storage.googleapis.com/sisiwaka-touen-medias/042/042_01%E6%89%8B%E6%8C%81%E3%81%A1.jpg",NULL,NULL,NULL,"1","1"
"6388","42","image","https://storage.googleapis.com/sisiwaka-touen-medias/042/042_02%E5%8F%B3.jpg",NULL,NULL,NULL,"2","1"
"6389","42","image","https://storage.googleapis.com/sisiwaka-touen-medias/042/042_03%E6%AD%A3%E9%9D%A2.jpg",NULL,NULL,NULL,"3","1"
"6390","42","image","https://storage.googleapis.com/sisiwaka-touen-medias/042/042_04%E5%B7%A6.jpg",NULL,NULL,NULL,"4","1"
"6391","42","image","https://storage.googleapis.com/sisiwaka-touen-medias/042/042_05%E6%8B%A1%E5%A4%A71.jpg",NULL,NULL,NULL,"5","1"
"6392","42","image","https://storage.googleapis.com/sisiwaka-touen-medias/042/042_06%E6%8B%A1%E5%A4%A72.jpg",NULL,NULL,NULL,"6","1"
"6393","42","image","https://storage.googleapis.com/sisiwaka-touen-medias/042/042_07%E6%8B%A1%E5%A4%A73.jpg",NULL,NULL,NULL,"7","1"
"6394","42","image","https://storage.googleapis.com/sisiwaka-touen-medias/042/042_08%E8%A6%8B%E8%BE%BC%E3%81%BF.jpg",NULL,NULL,NULL,"8","1"
"6395","42","image","https://storage.googleapis.com/sisiwaka-touen-medias/042/042_09%E8%A3%8F.jpg",NULL,NULL,NULL,"9","1"
"6396","42","image","https://storage.googleapis.com/sisiwaka-touen-medias/042/042_10%E8%B6%B3.jpg",NULL,NULL,NULL,"10","1"
"6397","42","video","https://storage.googleapis.com/sisiwaka-touen-medias/042/042_%E5%86%AC%E3%81%AE%E3%83%A2%E3%83%A2%E3%83%B3%E3%82%AC.jpg","https://storage.googleapis.com/sisiwaka-touen-medias/042/042_%E5%86%AC%E3%81%AE%E3%83%A2%E3%83%A2%E3%83%B3%E3%82%AC.mp4",NULL,NULL,"999","1"
"6398","43","image","https://storage.googleapis.com/sisiwaka-touen-medias/043/043_01%E6%89%8B%E6%8C%81%E3%81%A1.jpg",NULL,NULL,NULL,"1","1"
"6399","43","image","https://storage.googleapis.com/sisiwaka-touen-medias/043/043_02%E6%AD%A3%E9%9D%A201.jpg",NULL,NULL,NULL,"2","1"
"6400","43","image","https://storage.googleapis.com/sisiwaka-touen-medias/043/043_03%E6%AD%A3%E9%9D%A202.jpg",NULL,NULL,NULL,"3","1"
"6401","43","image","https://storage.googleapis.com/sisiwaka-touen-medias/043/043_04%E6%AD%A3%E9%9D%A203.jpg",NULL,NULL,NULL,"4","1"
"6402","43","image","https://storage.googleapis.com/sisiwaka-touen-medias/043/043_05%E6%AD%A3%E9%9D%A204.jpg",NULL,NULL,NULL,"5","1"
"6403","43","image","https://storage.googleapis.com/sisiwaka-touen-medias/043/043_06%E6%8B%A1%E5%A4%A701.jpg",NULL,NULL,NULL,"6","1"
"6404","43","image","https://storage.googleapis.com/sisiwaka-touen-medias/043/043_07%E6%8B%A1%E5%A4%A702.jpg",NULL,NULL,NULL,"7","1"
"6405","43","image","https://storage.googleapis.com/sisiwaka-touen-medias/043/043_08%E6%8B%A1%E5%A4%A703.jpg",NULL,NULL,NULL,"8","1"
"6406","43","image","https://storage.googleapis.com/sisiwaka-touen-medias/043/043_09%E6%8B%A1%E5%A4%A704.jpg",NULL,NULL,NULL,"9","1"
"6407","43","image","https://storage.googleapis.com/sisiwaka-touen-medias/043/043_10%E6%8B%A1%E5%A4%A705.jpg",NULL,NULL,NULL,"10","1"
"6408","43","image","https://storage.googleapis.com/sisiwaka-touen-medias/043/043_11%E8%A6%8B%E8%BE%BC%E3%81%BF01.jpg",NULL,NULL,NULL,"11","1"
"6409","43","image","https://storage.googleapis.com/sisiwaka-touen-medias/043/043_12%E8%A6%8B%E8%BE%BC%E3%81%BF02.jpg",NULL,NULL,NULL,"12","1"
"6410","43","image","https://storage.googleapis.com/sisiwaka-touen-medias/043/043_13%E8%A3%8F01.jpg",NULL,NULL,NULL,"13","1"
"6411","43","image","https://storage.googleapis.com/sisiwaka-touen-medias/043/043_14%E8%A3%8F02.jpg",NULL,NULL,NULL,"14","1"
"6412","43","image","https://storage.googleapis.com/sisiwaka-touen-medias/043/043_15%E8%A3%8F03.jpg",NULL,NULL,NULL,"15","1"
"6413","43","video","https://storage.googleapis.com/sisiwaka-touen-medias/043/043_%E5%8D%98%E8%AA%BF%E4%BD%9C%E6%A5%AD1.jpg","https://storage.googleapis.com/sisiwaka-touen-medias/043/043_%E5%8D%98%E8%AA%BF%E4%BD%9C%E6%A5%AD1.mp4",NULL,NULL,"999","1"
"6414","43","video","https://storage.googleapis.com/sisiwaka-touen-medias/043/043_%E5%8D%98%E8%AA%BF%E4%BD%9C%E6%A5%AD2.jpg","https://storage.googleapis.com/sisiwaka-touen-medias/043/043_%E5%8D%98%E8%AA%BF%E4%BD%9C%E6%A5%AD2.mp4",NULL,NULL,"999","1"
"6415","44","image","https://storage.googleapis.com/sisiwaka-touen-medias/044/044_01%E6%89%8B%E6%8C%81%E3%81%A1.jpg",NULL,NULL,NULL,"1","1"
"6416","44","image","https://storage.googleapis.com/sisiwaka-touen-medias/044/044_02%E6%AD%A3%E9%9D%A21.jpg",NULL,NULL,NULL,"2","1"
"6417","44","image","https://storage.googleapis.com/sisiwaka-touen-medias/044/044_03%E6%AD%A3%E9%9D%A22.jpg",NULL,NULL,NULL,"3","1"
"6418","44","image","https://storage.googleapis.com/sisiwaka-touen-medias/044/044_04%E6%AD%A3%E9%9D%A23.jpg",NULL,NULL,NULL,"4","1"
"6419","44","image","https://storage.googleapis.com/sisiwaka-touen-medias/044/044_05%E6%8B%A1%E5%A4%A71.jpg",NULL,NULL,NULL,"5","1"
"6420","44","image","https://storage.googleapis.com/sisiwaka-touen-medias/044/044_06%E6%8B%A1%E5%A4%A72.jpg",NULL,NULL,NULL,"6","1"
"6421","44","image","https://storage.googleapis.com/sisiwaka-touen-medias/044/044_07%E8%A6%8B%E8%BE%BC%E3%81%BF.jpg",NULL,NULL,NULL,"7","1"
"6422","44","image","https://storage.googleapis.com/sisiwaka-touen-medias/044/044_08%E8%A6%8B%E8%BE%BC%E3%81%BF2.jpg",NULL,NULL,NULL,"8","1"
"6423","44","image","https://storage.googleapis.com/sisiwaka-touen-medias/044/044_09%E8%A3%8F%E6%AD%A3%E9%9D%A2.jpg",NULL,NULL,NULL,"9","1"
"6424","44","image","https://storage.googleapis.com/sisiwaka-touen-medias/044/044_10%E8%A3%8F%E6%96%9C%E3%82%81.jpg",NULL,NULL,NULL,"10","1"
"6425","44","image","https://storage.googleapis.com/sisiwaka-touen-medias/044/044_11%E8%B6%B3.jpg",NULL,NULL,NULL,"11","1"
"6426","44","video","https://storage.googleapis.com/sisiwaka-touen-medias/044/044_%E3%82%A4%E3%82%BD%E3%82%AE%E3%83%B3%E3%83%81%E3%83%A3%E3%82%AF.jpg","https://storage.googleapis.com/sisiwaka-touen-medias/044/044_%E3%82%A4%E3%82%BD%E3%82%AE%E3%83%B3%E3%83%81%E3%83%A3%E3%82%AF.mp4",NULL,NULL,"999","1"
"6427","45","image","https://storage.googleapis.com/sisiwaka-touen-medias/045/045_01%E6%89%8B%E6%8C%81%E3%81%A1.jpg",NULL,NULL,NULL,"1","1"
"6428","45","image","https://storage.googleapis.com/sisiwaka-touen-medias/045/045_02%E5%8F%B3.jpg",NULL,NULL,NULL,"2","1"
"6429","45","image","https://storage.googleapis.com/sisiwaka-touen-medias/045/045_03%E6%AD%A3%E9%9D%A2.jpg",NULL,NULL,NULL,"3","1"
"6430","45","image","https://storage.googleapis.com/sisiwaka-touen-medias/045/045_04%E5%B7%A6.jpg",NULL,NULL,NULL,"4","1"
"6431","45","image","https://storage.googleapis.com/sisiwaka-touen-medias/045/045_05%E5%8F%96%E3%81%A3%E6%89%8B.jpg",NULL,NULL,NULL,"5","1"
"6432","45","image","https://storage.googleapis.com/sisiwaka-touen-medias/045/045_06%E5%8F%B3%E6%8B%A1%E5%A4%A7.jpg",NULL,NULL,NULL,"6","1"
"6433","45","image","https://storage.googleapis.com/sisiwaka-touen-medias/045/045_07%E6%AD%A3%E9%9D%A2%E6%8B%A1%E5%A4%A7.jpg",NULL,NULL,NULL,"7","1"
"6434","45","image","https://storage.googleapis.com/sisiwaka-touen-medias/045/045_08%E5%B7%A6%E6%8B%A1%E5%A4%A7.jpg",NULL,NULL,NULL,"8","1"
"6435","45","image","https://storage.googleapis.com/sisiwaka-touen-medias/045/045_09%E5%8F%96%E3%81%A3%E6%89%8B%E6%8B%A1%E5%A4%A7.jpg",NULL,NULL,NULL,"9","1"
"6436","45","image","https://storage.googleapis.com/sisiwaka-touen-medias/045/045_10%E8%A6%8B%E8%BE%BC%E3%81%BF.jpg",NULL,NULL,NULL,"10","1"
"6437","45","image","https://storage.googleapis.com/sisiwaka-touen-medias/045/045_11%E8%A6%8B%E8%BE%BC%E3%81%BF%E6%8B%A1%E5%A4%A7.jpg",NULL,NULL,NULL,"11","1"
"6438","45","image","https://storage.googleapis.com/sisiwaka-touen-medias/045/045_12%E5%BA%95.jpg",NULL,NULL,NULL,"12","1"
"6439","45","image","https://storage.googleapis.com/sisiwaka-touen-medias/045/045_13%E3%81%A9%E3%81%93%E3%81%8B%E3%81%AE%E6%8B%A1%E5%A4%A7.jpg",NULL,NULL,NULL,"13","1"
"6440","45","image","https://storage.googleapis.com/sisiwaka-touen-medias/045/045_14%E5%8F%96%E3%81%A3%E6%89%8B%E8%A3%8F.jpg",NULL,NULL,NULL,"14","1"
"6441","45","video","https://storage.googleapis.com/sisiwaka-touen-medias/045/045_%E7%82%8E%E8%8A%AF%E9%9B%AA%E3%81%86%E3%81%9A%E3%82%89.jpg","https://storage.googleapis.com/sisiwaka-touen-medias/045/045_%E7%82%8E%E8%8A%AF%E9%9B%AA%E3%81%86%E3%81%9A%E3%82%89.mp4",NULL,NULL,"999","1"
"6442","50","image","https://storage.googleapis.com/sisiwaka-touen-medias/050/050_01%E6%89%8B%E6%8C%81%E3%81%A1.jpg",NULL,NULL,NULL,"1","1"
"6443","50","image","https://storage.googleapis.com/sisiwaka-touen-medias/050/050_02%E5%8F%B3.jpg",NULL,NULL,NULL,"2","1"
"6444","50","image","https://storage.googleapis.com/sisiwaka-touen-medias/050/050_03%E6%AD%A3%E9%9D%A2.jpg",NULL,NULL,NULL,"3","1"
"6445","50","image","https://storage.googleapis.com/sisiwaka-touen-medias/050/050_04%E5%B7%A6.jpg",NULL,NULL,NULL,"4","1"
"6446","50","image","https://storage.googleapis.com/sisiwaka-touen-medias/050/050_05%E5%8F%96%E3%81%A3%E6%89%8B.jpg",NULL,NULL,NULL,"5","1"
"6447","50","image","https://storage.googleapis.com/sisiwaka-touen-medias/050/050_06%E5%8F%B3%E6%8B%A1%E5%A4%A7.jpg",NULL,NULL,NULL,"6","1"
"6448","50","image","https://storage.googleapis.com/sisiwaka-touen-medias/050/050_07%E6%AD%A3%E9%9D%A2%E6%8B%A1%E5%A4%A7.jpg",NULL,NULL,NULL,"7","1"
"6449","50","image","https://storage.googleapis.com/sisiwaka-touen-medias/050/050_08%E5%8F%96%E3%81%A3%E6%89%8B%E6%8B%A1%E5%A4%A7.jpg",NULL,NULL,NULL,"8","1"
"6450","50","image","https://storage.googleapis.com/sisiwaka-touen-medias/050/050_09%E8%A6%8B%E8%BE%BC%E3%81%BF.jpg",NULL,NULL,NULL,"9","1"
"6451","50","image","https://storage.googleapis.com/sisiwaka-touen-medias/050/050_10%E8%A6%8B%E8%BE%BC%E3%81%BF%E6%8B%A1%E5%A4%A7.jpg",NULL,NULL,NULL,"10","1"
"6452","50","image","https://storage.googleapis.com/sisiwaka-touen-medias/050/050_11%E5%8F%96%E3%81%A3%E6%89%8B%E8%A3%8F.jpg",NULL,NULL,NULL,"11","1"
"6453","50","image","https://storage.googleapis.com/sisiwaka-touen-medias/050/050_12%E5%BA%95.jpg",NULL,NULL,NULL,"12","1"
"6454","50","image","https://storage.googleapis.com/sisiwaka-touen-medias/050/050_13%E8%B6%B3.jpg",NULL,NULL,NULL,"13","1"
"6455","50","video","https://storage.googleapis.com/sisiwaka-touen-medias/050/050_%E3%81%86%E3%81%A3%E3%81%8B%E3%82%8A%E3%83%92%E3%83%A7%E3%82%A6%E3%83%A2%E3%83%B3%E3%83%80%E3%82%B3.jpg","https://storage.googleapis.com/sisiwaka-touen-medias/050/050_%E3%81%86%E3%81%A3%E3%81%8B%E3%82%8A%E3%83%92%E3%83%A7%E3%82%A6%E3%83%A2%E3%83%B3%E3%83%80%E3%82%B3.mp4",NULL,NULL,"999","1"
"6456","51","image","https://storage.googleapis.com/sisiwaka-touen-medias/051/051_01%E6%89%8B%E6%8C%81%E3%81%A1.jpg",NULL,NULL,NULL,"1","1"
"6457","51","image","https://storage.googleapis.com/sisiwaka-touen-medias/051/051_02%E5%8F%B3.jpg",NULL,NULL,NULL,"2","1"
"6458","51","image","https://storage.googleapis.com/sisiwaka-touen-medias/051/051_03%E6%AD%A3%E9%9D%A2.jpg",NULL,NULL,NULL,"3","1"
"6459","51","image","https://storage.googleapis.com/sisiwaka-touen-medias/051/051_04%E5%B7%A6.jpg",NULL,NULL,NULL,"4","1"
"6460","51","image","https://storage.googleapis.com/sisiwaka-touen-medias/051/051_05%E5%8F%96%E3%81%A3%E6%89%8B.jpg",NULL,NULL,NULL,"5","1"
"6461","51","image","https://storage.googleapis.com/sisiwaka-touen-medias/051/051_06%E5%8F%B3%E6%8B%A1%E5%A4%A7.jpg",NULL,NULL,NULL,"6","1"
"6462","51","image","https://storage.googleapis.com/sisiwaka-touen-medias/051/051_07%E6%AD%A3%E9%9D%A2%E6%8B%A1%E5%A4%A7.jpg",NULL,NULL,NULL,"7","1"
"6463","51","image","https://storage.googleapis.com/sisiwaka-touen-medias/051/051_08%E5%B7%A6%E6%8B%A1%E5%A4%A7.jpg",NULL,NULL,NULL,"8","1"
"6464","51","image","https://storage.googleapis.com/sisiwaka-touen-medias/051/051_09%E5%8F%96%E3%81%A3%E6%89%8B%E6%8B%A1%E5%A4%A7.jpg",NULL,NULL,NULL,"9","1"
"6465","51","image","https://storage.googleapis.com/sisiwaka-touen-medias/051/051_10%E5%8F%96%E3%81%A3%E6%89%8B%E8%A3%8F.jpg",NULL,NULL,NULL,"10","1"
"6466","51","image","https://storage.googleapis.com/sisiwaka-touen-medias/051/051_11%E8%A3%8F.jpg",NULL,NULL,NULL,"11","1"
"6467","51","image","https://storage.googleapis.com/sisiwaka-touen-medias/051/051_12%E8%B6%B3.jpg",NULL,NULL,NULL,"12","1"
"6468","51","video","https://storage.googleapis.com/sisiwaka-touen-medias/051/051_%E5%B3%B6%E3%81%AE%E7%B2%BE%E9%9C%8A.jpg","https://storage.googleapis.com/sisiwaka-touen-medias/051/051_%E5%B3%B6%E3%81%AE%E7%B2%BE%E9%9C%8A.mp4",NULL,NULL,"999","1"
"6469","52","image","https://storage.googleapis.com/sisiwaka-touen-medias/052/052_01%E6%89%8B%E6%8C%81%E3%81%A1.jpg",NULL,NULL,NULL,"1","1"
"6470","52","image","https://storage.googleapis.com/sisiwaka-touen-medias/052/052_02%E5%8F%B3.jpg",NULL,NULL,NULL,"2","1"
"6471","52","image","https://storage.googleapis.com/sisiwaka-touen-medias/052/052_03%E6%AD%A3%E9%9D%A2.jpg",NULL,NULL,NULL,"3","1"
"6472","52","image","https://storage.googleapis.com/sisiwaka-touen-medias/052/052_04%E5%B7%A6.jpg",NULL,NULL,NULL,"4","1"
"6473","52","image","https://storage.googleapis.com/sisiwaka-touen-medias/052/052_05%E5%8F%96%E3%81%A3%E6%89%8B.jpg",NULL,NULL,NULL,"5","1"
"6474","52","image","https://storage.googleapis.com/sisiwaka-touen-medias/052/052_06%E5%8F%B3%E6%8B%A1%E5%A4%A7.jpg",NULL,NULL,NULL,"6","1"
"6475","52","image","https://storage.googleapis.com/sisiwaka-touen-medias/052/052_07%E6%AD%A3%E9%9D%A2%E6%8B%A1%E5%A4%A7.jpg",NULL,NULL,NULL,"7","1"
"6476","52","image","https://storage.googleapis.com/sisiwaka-touen-medias/052/052_08%E5%B7%A6%E6%8B%A1%E5%A4%A7.jpg",NULL,NULL,NULL,"8","1"
"6477","52","image","https://storage.googleapis.com/sisiwaka-touen-medias/052/052_09%E5%8F%96%E3%81%A3%E6%89%8B%E6%8B%A1%E5%A4%A7.jpg",NULL,NULL,NULL,"9","1"
"6478","52","image","https://storage.googleapis.com/sisiwaka-touen-medias/052/052_10%E5%8F%96%E3%81%A3%E6%89%8B%E8%A3%8F.jpg",NULL,NULL,NULL,"10","1"
"6479","52","image","https://storage.googleapis.com/sisiwaka-touen-medias/052/052_11%E8%A6%8B%E8%BE%BC%E3%81%BF.jpg",NULL,NULL,NULL,"11","1"
"6480","52","image","https://storage.googleapis.com/sisiwaka-touen-medias/052/052_12%E7%B8%81.jpg",NULL,NULL,NULL,"12","1"
"6481","52","image","https://storage.googleapis.com/sisiwaka-touen-medias/052/052_13%E8%A3%8F.jpg",NULL,NULL,NULL,"13","1"
"6482","52","image","https://storage.googleapis.com/sisiwaka-touen-medias/052/052_14%E8%B6%B3.jpg",NULL,NULL,NULL,"14","1"
"6483","52","video","https://storage.googleapis.com/sisiwaka-touen-medias/052/052_%E9%9B%AA%E4%BB%94%E8%99%8E.jpg","https://storage.googleapis.com/sisiwaka-touen-medias/052/052_%E9%9B%AA%E4%BB%94%E8%99%8E.mp4",NULL,NULL,"999","1"
"6484","53","image","https://storage.googleapis.com/sisiwaka-touen-medias/053/053_01%E6%89%8B%E6%8C%81%E3%81%A1.jpg",NULL,NULL,NULL,"1","1"
"6485","53","image","https://storage.googleapis.com/sisiwaka-touen-medias/053/053_02%E5%8F%B3.jpg",NULL,NULL,NULL,"2","1"
"6486","53","image","https://storage.googleapis.com/sisiwaka-touen-medias/053/053_03%E6%AD%A3%E9%9D%A2.jpg",NULL,NULL,NULL,"3","1"
"6487","53","image","https://storage.googleapis.com/sisiwaka-touen-medias/053/053_04%E5%B7%A6.jpg",NULL,NULL,NULL,"4","1"
"6488","53","image","https://storage.googleapis.com/sisiwaka-touen-medias/053/053_05%E5%8F%96%E3%81%A3%E6%89%8B.jpg",NULL,NULL,NULL,"5","1"
"6489","53","image","https://storage.googleapis.com/sisiwaka-touen-medias/053/053_06%E5%8F%B3%E6%8B%A1%E5%A4%A7.jpg",NULL,NULL,NULL,"6","1"
"6490","53","image","https://storage.googleapis.com/sisiwaka-touen-medias/053/053_07%E6%AD%A3%E9%9D%A2%E6%8B%A1%E5%A4%A7.jpg",NULL,NULL,NULL,"7","1"
"6491","53","image","https://storage.googleapis.com/sisiwaka-touen-medias/053/053_08%E5%B7%A6%E6%8B%A1%E5%A4%A7.jpg",NULL,NULL,NULL,"8","1"
"6492","53","image","https://storage.googleapis.com/sisiwaka-touen-medias/053/053_09%E5%8F%96%E3%81%A3%E6%89%8B%E6%8B%A1%E5%A4%A7.jpg",NULL,NULL,NULL,"9","1"
"6493","53","image","https://storage.googleapis.com/sisiwaka-touen-medias/053/053_10%E8%A6%8B%E8%BE%BC%E3%81%BF.jpg",NULL,NULL,NULL,"10","1"
"6494","53","image","https://storage.googleapis.com/sisiwaka-touen-medias/053/053_11%E5%8F%A3%E7%B8%81.jpg",NULL,NULL,NULL,"11","1"
"6495","53","image","https://storage.googleapis.com/sisiwaka-touen-medias/053/053_12%E8%A3%8F.jpg",NULL,NULL,NULL,"12","1"
"6496","53","image","https://storage.googleapis.com/sisiwaka-touen-medias/053/053_13%E8%B6%B3.jpg",NULL,NULL,NULL,"13","1"
"6497","53","video","https://storage.googleapis.com/sisiwaka-touen-medias/053/053_%E3%81%97%E3%81%A3%E3%81%8B%E3%82%8A%E3%83%92%E3%83%A7%E3%82%A6%E3%83%A2%E3%83%B3%E3%83%80%E3%82%B3.jpg","https://storage.googleapis.com/sisiwaka-touen-medias/053/053_%E3%81%97%E3%81%A3%E3%81%8B%E3%82%8A%E3%83%92%E3%83%A7%E3%82%A6%E3%83%A2%E3%83%B3%E3%83%80%E3%82%B3.mp4",NULL,NULL,"999","1"
"6498","54","image","https://storage.googleapis.com/sisiwaka-touen-medias/054/054_01%E6%89%8B%E6%8C%81%E3%81%A1.jpg",NULL,NULL,NULL,"1","1"
"6499","54","image","https://storage.googleapis.com/sisiwaka-touen-medias/054/054_02%E5%8F%B3.jpg",NULL,NULL,NULL,"2","1"
"6500","54","image","https://storage.googleapis.com/sisiwaka-touen-medias/054/054_03%E6%AD%A3%E9%9D%A2.jpg",NULL,NULL,NULL,"3","1"
"6501","54","image","https://storage.googleapis.com/sisiwaka-touen-medias/054/054_04%E5%B7%A6.jpg",NULL,NULL,NULL,"4","1"
"6502","54","image","https://storage.googleapis.com/sisiwaka-touen-medias/054/054_05%E5%8F%96%E3%81%A3%E6%89%8B.jpg",NULL,NULL,NULL,"5","1"
"6503","54","image","https://storage.googleapis.com/sisiwaka-touen-medias/054/054_06%E5%8F%B3%E6%8B%A1%E5%A4%A7.jpg",NULL,NULL,NULL,"6","1"
"6504","54","image","https://storage.googleapis.com/sisiwaka-touen-medias/054/054_07%E6%AD%A3%E9%9D%A2%E6%8B%A1%E5%A4%A7.jpg",NULL,NULL,NULL,"7","1"
"6505","54","image","https://storage.googleapis.com/sisiwaka-touen-medias/054/054_08%E5%B7%A6%E6%8B%A1%E5%A4%A7.jpg",NULL,NULL,NULL,"8","1"
"6506","54","image","https://storage.googleapis.com/sisiwaka-touen-medias/054/054_09%E5%8F%96%E3%81%A3%E6%89%8B%E6%8B%A1%E5%A4%A7.jpg",NULL,NULL,NULL,"9","1"
"6507","54","image","https://storage.googleapis.com/sisiwaka-touen-medias/054/054_10%E5%8F%96%E3%81%A3%E6%89%8B%E8%A3%8F.jpg",NULL,NULL,NULL,"10","1"
"6508","54","image","https://storage.googleapis.com/sisiwaka-touen-medias/054/054_11%E8%A6%8B%E8%BE%BC%E3%81%BF.jpg",NULL,NULL,NULL,"11","1"
"6509","54","image","https://storage.googleapis.com/sisiwaka-touen-medias/054/054_12%E7%B8%81.jpg",NULL,NULL,NULL,"12","1"
"6510","54","image","https://storage.googleapis.com/sisiwaka-touen-medias/054/054_13%E8%A3%8F.jpg",NULL,NULL,NULL,"13","1"
"6511","54","image","https://storage.googleapis.com/sisiwaka-touen-medias/054/054_14%E8%B6%B3.jpg",NULL,NULL,NULL,"14","1"
"6512","54","image","https://storage.googleapis.com/sisiwaka-touen-medias/054/054_15%E8%B6%B3%E6%8B%A1%E5%A4%A7.jpg",NULL,NULL,NULL,"15","1"
"6513","54","video","https://storage.googleapis.com/sisiwaka-touen-medias/054/054_%E5%86%AC%E3%81%AE%E6%B1%A0%E3%80%81%E6%B0%B7%E3%81%AE%E6%B3%A1.jpg","https://storage.googleapis.com/sisiwaka-touen-medias/054/054_%E5%86%AC%E3%81%AE%E6%B1%A0%E3%80%81%E6%B0%B7%E3%81%AE%E6%B3%A1.mp4",NULL,NULL,"999","1"
"6514","55","image","https://storage.googleapis.com/sisiwaka-touen-medias/055/055_01%E6%89%8B%E6%8C%81%E3%81%A1.jpg",NULL,NULL,NULL,"1","1"
"6515","55","image","https://storage.googleapis.com/sisiwaka-touen-medias/055/055_02%E5%8F%B3.jpg",NULL,NULL,NULL,"2","1"
"6516","55","image","https://storage.googleapis.com/sisiwaka-touen-medias/055/055_03%E6%AD%A3%E9%9D%A2.jpg",NULL,NULL,NULL,"3","1"
"6517","55","image","https://storage.googleapis.com/sisiwaka-touen-medias/055/055_04%E5%B7%A6.jpg",NULL,NULL,NULL,"4","1"
"6518","55","image","https://storage.googleapis.com/sisiwaka-touen-medias/055/055_05%E5%8F%96%E3%81%A3%E6%89%8B.jpg",NULL,NULL,NULL,"5","1"
"6519","55","image","https://storage.googleapis.com/sisiwaka-touen-medias/055/055_06%E5%8F%B3%E6%8B%A1%E5%A4%A7.jpg",NULL,NULL,NULL,"6","1"
"6520","55","image","https://storage.googleapis.com/sisiwaka-touen-medias/055/055_07%E6%AD%A3%E9%9D%A2%E6%8B%A1%E5%A4%A7.jpg",NULL,NULL,NULL,"7","1"
"6521","55","image","https://storage.googleapis.com/sisiwaka-touen-medias/055/055_08%E5%B7%A6%E6%8B%A1%E5%A4%A7.jpg",NULL,NULL,NULL,"8","1"
"6522","55","image","https://storage.googleapis.com/sisiwaka-touen-medias/055/055_10%E8%A6%8B%E8%BE%BC%E3%81%BF.jpg",NULL,NULL,NULL,"10","1"
"6523","55","image","https://storage.googleapis.com/sisiwaka-touen-medias/055/055_11%E8%A3%8F.jpg",NULL,NULL,NULL,"11","1"
"6524","55","image","https://storage.googleapis.com/sisiwaka-touen-medias/055/055_12%E8%B6%B3.jpg",NULL,NULL,NULL,"12","1"
"6525","55","image","https://storage.googleapis.com/sisiwaka-touen-medias/055/055_9%E5%8F%96%E3%81%A3%E6%89%8B%E5%86%85%E5%81%B4.jpg",NULL,NULL,NULL,"999","1"
"6526","55","video","https://storage.googleapis.com/sisiwaka-touen-medias/055/055_%E9%9B%AA%E5%89%B2%E3%82%8A%E3%81%AE%E5%A5%94%E6%B5%81.jpg","https://storage.googleapis.com/sisiwaka-touen-medias/055/055_%E9%9B%AA%E5%89%B2%E3%82%8A%E3%81%AE%E5%A5%94%E6%B5%81.mp4",NULL,NULL,"999","1"
"6527","56","image","https://storage.googleapis.com/sisiwaka-touen-medias/056/056_01%E6%89%8B%E6%8C%81%E3%81%A1.jpg",NULL,NULL,NULL,"1","1"
"6528","56","image","https://storage.googleapis.com/sisiwaka-touen-medias/056/056_02%E5%B7%A6.jpg",NULL,NULL,NULL,"2","1"
"6529","56","image","https://storage.googleapis.com/sisiwaka-touen-medias/056/056_03%E6%AD%A3%E9%9D%A2.jpg",NULL,NULL,NULL,"3","1"
"6530","56","image","https://storage.googleapis.com/sisiwaka-touen-medias/056/056_04%E5%8F%B3.jpg",NULL,NULL,NULL,"4","1"
"6531","56","image","https://storage.googleapis.com/sisiwaka-touen-medias/056/056_05%E5%8F%96%E3%81%A3%E6%89%8B.jpg",NULL,NULL,NULL,"5","1"
"6532","56","image","https://storage.googleapis.com/sisiwaka-touen-medias/056/056_06%E5%B7%A6%E6%8B%A1%E5%A4%A7.jpg",NULL,NULL,NULL,"6","1"
"6533","56","image","https://storage.googleapis.com/sisiwaka-touen-medias/056/056_07%E6%AD%A3%E9%9D%A2%E6%8B%A1%E5%A4%A7.jpg",NULL,NULL,NULL,"7","1"
"6534","56","image","https://storage.googleapis.com/sisiwaka-touen-medias/056/056_08%E5%8F%B3%E6%8B%A1%E5%A4%A7.jpg",NULL,NULL,NULL,"8","1"
"6535","56","image","https://storage.googleapis.com/sisiwaka-touen-medias/056/056_09%E5%8F%96%E3%81%A3%E6%89%8B%E6%8B%A1%E5%A4%A7.jpg",NULL,NULL,NULL,"9","1"
"6536","56","image","https://storage.googleapis.com/sisiwaka-touen-medias/056/056_10%E8%A6%8B%E8%BE%BC%E3%81%BF.jpg",NULL,NULL,NULL,"10","1"
"6537","56","image","https://storage.googleapis.com/sisiwaka-touen-medias/056/056_11%E8%A6%8B%E8%BE%BC%E3%81%BF%E6%8B%A1%E5%A4%A7.jpg",NULL,NULL,NULL,"11","1"
"6538","56","image","https://storage.googleapis.com/sisiwaka-touen-medias/056/056_12%E8%A3%8F.jpg",NULL,NULL,NULL,"12","1"
"6539","56","image","https://storage.googleapis.com/sisiwaka-touen-medias/056/056_13%E8%B6%B3.jpg",NULL,NULL,NULL,"13","1"
"6540","56","video","https://storage.googleapis.com/sisiwaka-touen-medias/056/056_%E6%B5%AE%E8%8A%B1.jpg","https://storage.googleapis.com/sisiwaka-touen-medias/056/056_%E6%B5%AE%E8%8A%B1.mp4",NULL,NULL,"999","1"
